region,avg_loss_percentage
Tibet and Bangladesh,50.0
Ashanti Region of Ghana,50.0
Parakou (Borgou),46.75
Jimma,40.0
"Kathmandu from Kapurkot, Salyan (western hills) and Lal Bandi, Sarlahi (Terai)",35.0
Brong - Ahafo region (highly productive zone),35.0
Marpha to Pokhara,35.0
"Upper Athi River Region; Kilala, Ikanganya,  Kikumbulyu, Kikoko, Nguumo, Kiou, Wote, Kee, Mbiuni, Mwala and Mwani.",35.0
Sharkia and Nubaria,34.666666666666664
"Chalinze, Lugoba and Kiwangwa",33.333333333333336
"Ixcan, Polochic and El Peten region",31.25
"Milly and Allfruits are based in Coast Province, while Kevian and Sunny are based in Central Kenya near Thika",30.25
Kariakoo Central Market,30.2
Brong-Ahafo Region,30.0
Tabora,29.55
Yaoundé,29.454545454545453
Kilosa and Kondoa Districts,28.35
"Volta region, Northern region, Brong-Ahafo.",27.95
Nairobi,27.6
Selva and Coast Region,25.0
Northern region,24.288
"Birgunj, Nepal to Patna",24.14
Chiriqui,24.0
Syangja (mid hills) to Butwal (markets in the plains),23.0
Jumla,22.5
Dhankuta District,22.03333333333333
Northern Areas,20.689999999999998
West Java,20.124117647058824
"Bhairahwa, Nepal to Gorakhpur, India",19.563333333333333
Lofa,18.82857142857143
"Bolgatanga Municipal, Kassena Nankana Municipal and Kassena Nankana West",17.1425
Rangpur,16.666666666666668
"Tafilalet, Draa",16.5
Midelt,16.5
Rangpur and Dinazpur district,16.412777777777777
"Ait Baamrane, Rhamna",16.0
Kumasi and its environments (including Ejura) and Tamale,15.783333333333333
Nyandarua,15.6
"Qalqilya and Tulkarem, West Bank",15.333333333333334
Sargodha,15.0
Nubaria,15.0
Niamey,15.0
Plateau,14.875
Junin and Ayacucho,14.5
Boyo,14.5
Namingongo,14.45
"North Hwanghae, South Pyongan and Pongyang City",14.162121212121212
Shandong Province,14.09
Saiss,14.0
"four main potatogrowing counties in Kenya, namely Bomet and Nakuru Counties in the Rift Valley area, Nyandarua County in Central Kenya and Meru County in Eastern Kenya",13.95
"Daxing, Tongxian, and Yanqing",13.181818181818182
North Patagonia Region,13.0
Benue,13.0
"Lower Eastern region (Makueni, Kitui and Machakos counties",13.0
Bihar,12.735
Eastern Himalayan,12.25
"Benue, Plateau and Taraba regions",12.0
"Kiboko, Embu and Homa Bay",11.83
Jharkhand,11.73
Hot district of Chiang Mai  province,11.63
Eastern Ghana,11.3
Morogoro,11.283333333333333
Apac District,11.233333333333334
"Mindanao, Philippines",11.1
Addis Ababa and Adama cities,11.0
Grand Bassa,10.785714285714286
Bong,10.642857142857142
Lowland Tropical Zone,10.566666666666666
El Carchi,10.465
Kintampo,10.25
from Jumla,10.0
Jumla to Nepalgunj.,10.0
Teraemini,9.85
New Valley,9.71
Beni Suef (Middle Egypt),9.605
Uttar Pradesh,9.403333333333334
West Bank and Gaza Strip,9.4
Zulu,9.375
Dodoma and Manyara,9.369130434782608
Maharashtra,9.343636363636364
Moistmid Altitude Zone,9.2
Bani Suef,9.17
"grown in Tupi, South Cotabato, in Mindanao, and distributed in various supermarkets in Metro Manila",9.15
Assam,9.14
Punjab,9.125
Cixi county,9.0625
"Rivers State A(Degema, Bonny, Port Harcourt); B(tai, omuma, oyigboo); C(ahoada West, Emohua)",9.0
Odisha,8.886666666666667
Fiji Export Market,8.833333333333334
Mombasa,8.700000000000001
Tedla,8.7
Dhaka and Mymensingh,8.625
Madhya Pardesh,8.61
"Orani, Bataan",8.6
Taraba,8.4
Dakahlia (Lower Egypt),8.26375
Mkuyuni ward in Morogoro region,8.2
"Baneshar Bazar assesmble market of Rajshahi district. In contrast, the losses were lower in the surveyed markets of Chapai Nowabgonj,",8.175
Madhya Pradesh,8.09375
Kumasi & tamale.,8.0
Fujian Province,7.85625
"Daxing, Tongxian, and Yanqing counties, which are satellite towns of Beijing, and in Jixian County of Hebei Province, which is a suburb very close to Beijing",7.6875
Highland Tropical Zone,7.625
Taounate,7.5
Andhra Pradesh,7.378
Siliana,7.3
Calabarzon,7.253
Manica and Zambezia Provinces,7.199999999999999
Qena (Upper Egypt),7.073333333333333
Site: Kumasi & Tamale.,7.035
Jeldu districts of West Shewa Zone,7.03
Grand Gedeh,7.028571428571429
"Chapai Nowabgonj, Dhaka and Mymensingh",6.85
Montserrado,6.771428571428571
Middle Egypt,6.743333333333333
Thakurgaon,6.714615384615385
Xiasha town,6.6000000000000005
Western Cape,6.6
Lower Egypt,6.576666666666667
Moisttransitional Zone,6.5375
Bogra,6.524615384615384
Tamale,6.449999999999999
Bizerte and Siliana,6.3
"Kapurkot, Shalyan, Nepal to Sitapur market Lucknow, India",6.25
Jessore,6.239999999999999
"Chimaltenango, Escuintla, Guatemala, Quetzaltenango, Sacatepequez, San Marcos, Solola, and Totonicapan",6.159166666666667
Xiasha Town,6.106
Munshigonj,6.043125
Nimba,6.028571428571429
Rajasthan,6.025
Jiangan district,6.0125
"Choluteca, Copan, El Paraiso, Francisco Morazan, Intibuca, La Paz, Lempira, Ocotepeque, Olancho, Santa Barbara, and Valle.",5.951666666666667
"Chiang Mai, Lamphun, Chanthaburi and Sa Kaeo regions",5.925833333333333
West Bengal,5.915
Lugari,5.81125
"Kandal Province, and wholesalers and retailers in wet markets in the capital of Phnom Penh, about 35 km apar",5.75
Bataan,5.7005
Guruve District,5.679333333333333
Lira District,5.633333333333333
Kintampo and Sawla,5.625
Central Java,5.55875
Maunabudhuk,5.5
Bhirgaon,5.5
Dhankuta to Kathmandu by bus,5.45
Dhankuta to Kathmandu,5.45
National average,5.444545454545454
"Mekong Delta- An Giang, Sóc Trăng, Bạc Liêu and Kiên  Giang.",5.422222222222222
Region - 2,5.357142857142857
Apac and Lira districts,5.325
Rajshahi,5.287142857142857
Dry Mid Altitude Zone,5.2375
Asheray,5.2
Ejisu Juabeng,5.115833333333334
Gujarat,5.078571428571428
Krishi Bazar,5.0
"Dhankuta District,",5.0
Mount Lebanon - Kesrwan,5.0
Sindh,5.0
Tadla,4.9
Jambi,4.75
Mbire District,4.748
Savanna and transition ecological zones of Ghana,4.7405
"Balochistan - Quetta, Pishin and Mastung districts",4.625
Bizerte,4.6
Upper Egypt,4.533333333333334
Dhankuta,4.5
bhabhar,4.457916666666667
"Birtamod, Nepal to Silguri, India",4.413333333333333
Himachal Pradesh,4.38
"Mount Lebanon, Akkar, and West Bekaa",4.366666666666666
Mbozi district,4.36
Hamelmalo,4.35
Region - 4,4.257142857142857
Dry Transitional Zone,4.1625
Oriental Mindoro,4.109
4 Upazillas of Chapai Nowabgonj and 2 Upazillas of Rajshahi.,4.05
Grand Kru,4.042857142857143
Blumentritt,4.0
Divisoria,4.0
Sinkiang,3.95
Uttarakhand,3.8676190476190477
Margibi,3.857142857142857
Region - 3,3.8
Region 3,3.8
Laguna,3.7704
Chitoor District,3.766666666666666
Adami Tulu - Jido Kombolcha and Adama Districts,3.7341799279999996
Tamil Nadu,3.6759999999999997
Hunan,3.6533333333333338
Baucau,3.642857142857143
Region 5,3.6
Maryland,3.5714285714285716
Western Cape Province,3.5645762711864406
Kerala,3.5500000000000003
Ogun state,3.5
Region 1,3.45
Guruwe District,3.45
Wolaita and KembataTembaro Zones,3.4285714285714284
Guizhou,3.3025
Region - 1,3.2600000000000002
Oyam district,3.212857142857143
Trans-Nzoia-West District,3.1816666666666666
River Gee,3.1714285714285713
Region - 5,3.142857142857143
Comilla,3.078
Sawla,3.075
Mymensingh,3.0476666666666667
Qinghai,3.04
Suhum Kraboa Coaltar district in the Eastern region,3.0285714285714285
Apac and Lira districts (2015),3.026666666666667
Dingxi Prefecture  in Gansu,3.0
? Sites: coastal and transition ecological zones of Ghana,3.0
Western Uttar Pradesh,2.81
CAM Meknes,2.75
Khulna,2.7241379310344827
Karnataka,2.604444444444445
Amhara,2.6
"Savanna, transition and coastal ecological zones of Ghana",2.6
Chhintang,2.5
Khoku,2.5
Kabargama,2.4966666666666666
Inner Mongolia,2.495
Dinajpur,2.481379310344828
Pichincha,2.45
Yunnan,2.385
Anadhra Pradesh,2.37
Lima,2.37
"Kapurkot, Salyan, Nepal to Azadpur market, New Delhi, India",2.365
Guangxi,2.356666666666667
Nueva,2.3379999999999996
Bensilmane,2.325
Sichuan,2.285
East Java Province,2.2470588235294118
Dhruvgama,2.2399999999999998
Chongqing,2.216666666666667
Nerica 1 & Nerica 2,2.19
Kiteto District,2.1666666666666665
Teera,2.1
Jiangsu,2.0975
Hubei,2.0825
Jiangxi,2.0566666666666666
CAM Ben Slimane,2.05
Mirjapur,2.0433333333333334
Haryana,2.0
Fujian,1.9949999999999999
Gansu,1.99
Gbarpolu,1.9857142857142858
Birsingpur,1.9366666666666668
Shanxi,1.9233333333333331
Hebei,1.92
Apac Districy,1.9
Sinoe,1.8857142857142857
Basudevpur,1.87
Pratapur,1.8366666666666667
Kogi and Niger lowlands,1.7825
"Krishi Bazar, Dharan",1.75
Akbarpur,1.7433333333333332
Kalyanpur,1.7066666666666668
Henan,1.6433333333333333
Shaanxi,1.62
Oromia,1.55
Shandong,1.5200000000000002
Budhimorang and Khuaphok,1.5
forest and coastal ecological zones of Ghana,1.4703846153846156
Guangdong,1.4700000000000002
Ladaura,1.4666666666666666
Jilin,1.45
Liaoning,1.4466666666666665
Heilongjiang,1.405
Grand Cape Mount,1.4000000000000001
Zhejiang,1.315
Gopalpur,1.2766666666666666
Rivercess,1.2571428571428573
Casablanca,1.21
Maniarpur,1.1833333333333333
Fulhara,1.18
Bomi,1.1714285714285713
Rampura,1.1633333333333333
Anhui,1.1600000000000001
Ajana,1.1300000000000001
Bogra and Dakha,1.0966666666666667
Ningxia,1.06
Beijing,1.045
"Beijing, Xinfadi and Jinxiudadi",1.0
Processing unit in Meknès,1.0
coastal and transition ecological zones of Ghana ,0.9785714285714285
"El Carchi, Imbabura, and Pichincha",0.9305
Settat,0.9071428571428571
Processing unit in Casablanca,0.9
Silo at the port of Casablanca,0.9
Sites: transition ecological zone of Ghana,0.69125
North Eastern,0.58
Tiajin,0.53
Meknes,0.49333333333333335
coastal and transition ecological zones of Ghana,0.395
Sites: transitionecological zone ofGhana,0.135
