commodity,avg_loss_percentage
"Snails, Fresh, Chilled, Frozen, Dried, Salted Or In Brine, Except Sea Snails",50.0
Grapefruit Juice,41.89054761904762
"Meat Of Pig With The Bone, Fresh Or Chilled",40.91
Orange Juice,40.30001
Pineapple Juice,40.016635
Canned Mushrooms,34.0
"Broad Beans And Horse Beans, Green",30.0
Plantains And Cooking Bananas,28.272222222222222
"Other Legumes, For Forage",26.7
Apple Juice,26.6667
"Meat Of Sheep, Fresh Or Chilled",25.134615384615383
"Sweet Corn, Frozen",25.125
Other Pome Fruits,23.0
Wine,22.7
Leeks And Other Alliaceous Vegetables,22.693809523809524
"Swedes, For Forage",20.0
Grape Juice,18.886355000000002
"Sweet Corn, Prepared Or Preserved",17.733333333333334
Green Garlic,17.098048780487805
Olives,16.571538461538463
Oranges,15.20320895522388
Watermelons,15.10939393939394
"Plums, Dried",15.1
Juice Of Lemon,15.0
Juice Of Citrus Fruit N.E.C.,15.0
Raisins,15.0
Sugar And Syrups N.E.C.,14.5
Quinoa,14.041818181818183
"Other Fruits, N.E.C.",13.534787234042552
Pineapples,13.435925925925925
Spinach,13.383846153846154
"Pumpkins, Squash And Gourds",13.225365853658538
Mixed Grain,13.087241379310344
Cantaloupes And Other Melons,12.847962962962962
Tomatoes,12.80019362745098
Plantains And Others,12.65764705882353
Carrots And Turnips,12.406147540983607
Cattle,12.333333333333334
Eggplants (Aubergines),12.184430379746836
"Other Vegetables, Fresh N.E.C.",11.730952380952381
Plums And Sloes,11.51690909090909
Avocados,11.490617283950618
Cherries,11.385
Cabbages,11.185357142857143
Lettuce And Chicory,11.14438202247191
Cauliflowers And Broccoli,10.937870967741935
Papayas,10.85476724137931
"Edible Roots And Tubers With High Starch Or Inulin Content, N.E.C., Fresh",10.808
Okra,10.74448275862069
"Onions And Shallots, Dry (Excluding Dehydrated)",10.685476190476189
Apricots,10.633103448275863
Asparagus,10.606764705882354
"Vegetable Products, Fresh Or Dry N.E.C.",10.5
Figs,10.485999999999999
Bananas,10.373566433566435
Taro,10.331428571428571
Sweet Potatoes,10.234871794871793
Apples,10.223037974683544
"Cattle Fat, Unrendered",10.175999999999998
"Other Fruits, N.E.",10.032499999999999
"Mangoes, Guavas, Mangosteens",10.009166666666667
"Pig Meat, Cuts, Salted, Dried Or Smoked (Bacon And Ham)",10.0
Quinces,9.9975
"Coconuts, In Shell",9.898163265306122
Artichokes,9.766666666666667
Cucumbers And Gherkins,9.707032967032967
"Onions And Shallots, Green",9.39114503816794
"Mangoes, Guavas And Mangosteens",9.259665505226481
Strawberries,9.257397260273972
"Coffee, Decaffeinated Or Roasted",9.0
"Cassava, Fresh",8.977787610619469
"Edible Roots And Tubers With High Starch Or Inulin Content, N.E., Fresh",8.806363636363637
Kiwi Fruit,8.69108108108108
"Tangerines, Mandarins, Clementines",8.6062
"Pig, Butcher Fat",8.532
"Chillies And Peppers, Green (Capsicum Spp. And Pimenta Spp.)",8.522380952380953
"Chillies And Peppers, Green (<I>Capsicum</I> Spp. And <I>Pimenta</I> Spp.)",8.4
"Pepper (<I>Piper</I> Spp.), Raw",8.225217391304348
Tapioca Of Cassava,8.193333333333333
Yams,8.107962962962963
Potatoes,7.9470686119873815
Pears,7.942967032967032
Cocoa Beans,7.761428571428572
"Cow Peas, Dry",7.734742268041237
Other Cereals N.E.,7.572222222222223
Dates,7.528571428571429
"Broad Beans And Horse Beans, Dry",7.425
Raspberries,7.25
Peaches And Nectarines,7.153090909090909
"Meat Of Pig, Fresh Or Chilled",7.142666666666667
Yautia,7.061599999999999
"Cassava, Dry",6.743913043478261
Blueberries,6.7281818181818185
Grapes,6.659579439252337
Green Corn (Maize),6.464137931034483
Lemons And Limes,6.3743103448275855
"Meat Of Cattle, Fresh Or Chilled",6.33
"Lentils, Dry",6.325555555555556
"Other Tropical And Subtropical Fruits, N.E.C.",6.32377358490566
"Sunflower-Seed Oil, Crude",6.31875
Other Stone Fruits,6.2
Other Berries And Fruits Of The Genus Vaccinium N.E.,6.141249999999999
"Beans, Dry",6.10705298013245
"Other Beans, Green",6.091944444444445
Butter Of Cow Milk,5.986
"Peas, Green",5.8506451612903225
Mushrooms And Truffles,5.816829268292683
Persimmons,5.7
Dairy Products N.E.C.,5.694
Sesame Seed,5.616666666666666
Cranberries,5.460869565217391
"Other Vegetables, Fresh N.E.",5.4
Pomelos And Grapefruits,5.2132258064516135
Mustard Seed,5.086216216216216
"Cane Sugar, Non-Centrifugal",5.002307692307692
"Edible Offal Of Pigs, Fresh, Chilled Or Frozen",5.0
Other Pulses N.E.C.,4.813571428571429
"Meat Of Cattle With The Bone, Fresh Or Chilled",4.713243243243243
"Pigeon Peas, Dry",4.48483870967742
Flour Of Triticale,4.3
"Groundnuts, Excluding Shelled",4.085639534883721
"Peas, Dry",4.077368421052632
"Uncooked Pasta, Not Stuffed Or Otherwise Prepared",4.003333333333334
Pulses N.E.,3.948421052631579
Maize (Corn),3.860740482342257
"Chillies And Peppers, Dry (<I>Capsicum</I> Spp., <I>Pimenta</I> Spp.), Raw",3.7031147540983604
"Other Tropical And Subtropical Fruits, N.E.",3.68
Wheat,3.547543135973413
Rape Or Colza Seed,3.4480000000000004
"Rice, Milled (Husked)",3.375
Poppy Seed,3.354
"Edible Roots And Tubers With High Starch Or Inulin Content, N.E.C., Dry",3.19
Canary Seed,3.13
Soya Bean Oil,3.075
"Other Citrus Fruit, N.E.C.",3.0593999999999997
Triticale,3.0164615384615385
"Meat Of Chickens, Fresh Or Chilled",2.991764705882353
Lupins,2.973
Rice,2.952879045323635
Sorghum,2.95245667252149
"Rice, Broken",2.95
"Chick Peas, Dry",2.94275
"Almonds, In Shell",2.9253333333333336
"Coffee, Green",2.8975
"Rice, Milled",2.8943243243243244
Barley,2.800042663943991
"Seed Cotton, Unginned",2.8000000000000003
Linseed,2.786
Sunflower Seed,2.734432989690722
"Meat Of Goat, Fresh Or Chilled (Indigenous)",2.71
Flour Of Cassava,2.7
Fonio,2.5233144710795457
Sugar Cane,2.505535714285714
"Hazelnuts, In Shell",2.363571428571429
"Hen Eggs In Shell, Fresh",2.3520197044334976
"Groundnuts, Shelled",2.35
Oats,2.2939814814814814
Rye,2.1638028169014083
Millet,2.145456324993201
Rapeseed Or Colza Seed,2.078125
"Walnuts, In Shell",2.0722727272727273
Cereal Preparations,2.0
Pot Barley,2.0
"Malt, Whether Or Not Roasted",2.0
Bran Of Maize,1.9985714285714287
"Other Stimulant, Spice And Aromatic Crops, N.E.C.",1.912692307692308
Husked Rice,1.892
Soya Beans,1.8280645161290323
"Meat Of Pig Boneless (Pork), Fresh Or Chilled",1.796
Sugar Beet,1.76875
Cranberries And Other Fruits Of The Genus Vaccinium,1.7475
"Anise, Badian, Coriander, Cumin, Caraway, Fennel And Juniper Berries, Raw",1.7337037037037037
"Pistachios, In Shell",1.7
Natural Honey,1.675
Cereals N.E.C.,1.6666666666666667
"Cashew Nuts, In Shell",1.655185185185185
Buckwheat,1.5863636363636362
"Other Citrus Fruit, N.E.",1.575
Cottonseed,1.5713333333333332
Raw Milk Of Cattle,1.5713138686131387
Refined Sugar,1.5563829787234045
Areca Nuts,1.3483333333333332
"Bambara Beans, Dry",1.28
Starch Of Potatoes,1.1035714285714284
"Edible Offal Of Cattle, Fresh, Chilled Or Frozen",1.0
Copra,0.999
Flour Of Maize,0.9885714285714285
Sheep,0.9323855636666667
Oil Palm Fruit,0.8892307692307692
Raw Milk Of Goats,0.8457142857142858
Raw Milk Of Sheep,0.8447826086956521
Safflower Seed,0.7821428571428573
Wheat And Meslin Flour,0.7696
"Meat Of Goat, Fresh Or Chilled",0.7116666666666666
Raw Cane Or Beet Sugar (Centrifugal Only),0.6216666666666667
Cheese From Whole Cow Milk,0.5428571428571428
Currants,0.505
Sour Cherries,0.49833333333333335
"Eggs, Dried",0.4666666666666666
Raspeberries,0.22999999999999998
Goats,0.0673747735
