cause_of_loss,avg_loss_percentage
Losses In Marine Shipments,55.0
Rejected Because It Does Not Meet European Import Criteria,50.0
"Over-Ripeness, Rotting Or Excessive Bruising, Inappropriate Postharvest Practices Of Middlemen",50.0
Literacy And Technology Exposure: 60 -90 % Of Producers Did Not Pre-Cool Produce After Harvest.  Used Vehicles Or Head Loads To Convey Produce To Market. Producers Had No Storage Facilities ; Marketers Preferred The Use Of Polythene Materials For Packaging.,50.0
Measured In May; Due To Fruit Flies,50.0
"Rejected Fruits Could Be Immature, Over Ripe, Bruised Or Fly Infested, With A Low Chance Of Commercializationthey'Re Also Picked And Then Sorted For Marketability, An Un Measured Percent Also Stays In The Fsc As Animal Feed",50.0
Trimming &Collection,47.5
Storage Cassava Chips,45.0
Higher Losses In July Due To Fruit Flies,43.5
Chemicals Repening Agents,43.0
Not Harvested,43.0
Begum Et Al. (2012) Found 0.51 Kg/Quintal Grain Losses Of Wheat During The Threshing  Activity. They Concluded That Threshing Losses Were Mainly In The Form Of Broken Grains. They  Observed 2.35 Kg/Quintal Post-Harvest Losses At Farm Level. The Harvesting Losses Have Added Up To  About 40.85 Per Cent.,40.85
"Krishi Bazar Store Oranges In Cemented Floor On Plastics, Straw Bed, Doko, Crates, And Sacks And On Plant Leaves Bed    Storage Losses Were Evaluated In Two Ways. In  One Way, Survey Was Performed In Krishi Bazar  And In Other; Simulation Of Storage Condition Was  Done In Room. During Survey, No Cold Storage  Facility Was Reported. The Dealers In Krishi Bazar  Store Oranges In Cemented Floor On Plastics, Straw  Bed, Doko, Crates, And Sacks And On Plant Leaves  Bed. The Oranges Do Not Remain There For Long  Time. Only Storage For 2 To 4 Days Was Observed.  During This Time, Losses Upto 5% Was Reported By  Dealers. This Loss Was Due To Evaporation Loss,  Rottening, Breakage, Etc.For The Assessment Of  Post Harvest Storage Losses In Room Condition,  Oranges Were Evaluated According To The Following  Categories:  A. Oranges Without Shrinkage Or Diseases And  Disorders.  B. Oranges Without Pathological Diseases.  C. Oranges Without Disorders Or Evaporative Loss.  In Every Case, Losses Were Evaluated After Having  Divided Oranges Visually. The Results Obtained Are  Shown In The Figure 1. They Represent The  Average Of Some Measurements Carried Out In  December To January 2012 In Storage. The Total  Loss During Storage For 21 Days Was Found To Be  40.1%.",40.1
"Poor Handling, Very Bad Roads Lack Of Training Only Large Growers Had Access To Markets",40.0
Physiological And Mechanical Damage; Quality,40.0
Large Sacks,38.0
Trimming Before Pre-Cooling Caused Losses,37.5
Lack Of Diversified Uses Of Tomatoes Is One Main Source Of Postharvest Losses.,35.0
"Rough Handling, Unprotected Storage Conditions, And Poor Transportation",35.0
"Poor Harvesting Methods, Lack Of Training, Poor Packaging, Lack Of Proper Storage Facilities And Marketing",35.0
Fruit Rot,35.0
Pressing Against Each Other Therefore Causing Mechanical Damage,34.23333333333333
"The Results Of The Milling Analysis Have Been Presented In  Table 6. The Results Showed That Sb30 Had Marginally  Higher Milling Yield (67.32%) Than Sb10 (66%).  However, The Differences Between The Milling Yields Of  Either The Sb30 Machine And The Locally Manufactured  Milling Machine Or That Of The Sb10 Machine And The  Locally Manufactured Milling Machine Were Significant.  The Locally Manufactured Milling Machine Had The Lowest  Milling Yield (63.33%). This Implies That The Locally  Manufactured Milling Machine Was Less Efficient As It Also  Resulted In Higher Percentage (52.7%) Of Broken Grains  (Table 6). This Implies That The Local Machine Produced  Less White Rice Per Unit Weight Of Paddy. This Resulted In  Less Recoverable Rice And Therefore Less Revenue. Sb30 Is Therefore Superior To Both Sb10 And The Local Machine In  Terms Of Milling Yield. In Spite Of The Higher Milling Yield Of  Sb30, It Is Still Lower Than The 67.5% (2010 Data)  Considered To The Lowest On Record In The Usa (Robinson,  2010). According To The Author, This Could Lead To A Shift  To Selling More Broken Grains, Consequently Mean Lower  Prices. Norman And Otoo (2003) Recommended That  Improved Dehulling And Whitening Machines Should Be  Developed And Tested For Use In Rice Processing",32.855
Disease And Rot,32.7
Market Glut And Spoilage,32.0
Disease,32.0
High Humidity,31.25
Due To Poor Quality No Use Of Maturity Indices Lack Of Knowledge Issues With Access To Credit,30.0
"Rotting, Sprouting, Weight Loss",29.9775
Insect Damage - Large Grain Borer,29.55
Dry/Wet Seasons,29.5
"Rotting, Cut Potatoes And Green Potatoes",27.675
Decay Due To High Temperature,27.625
"Weevil Damage, Mould Contamination, Breakage  (Quantitative And Qualitative Loss)",26.8
Poor Handling,26.416666666666668
"Damage During  Harvesting Or  Handling;  Unacceptable  Size, Shape And  Appearance;  Diseases In The  Fields Are The  Main Reasons.",25.0
Energy Consumption And Abscission,25.0
"Field To Krishi Bazar    The Oranges Were Found To Be Transported From Field To  Krishi Bazar In Mini Trucks Or Tractors Or Doko (A Basket  Made Of Bamboo) Covering With Plant Leaves For  Cushioning. The Dealers In Krishi Bazar Reported That  Each Day They Receive 4 To 5 Trucks Of Oranges Having 15  To 25 Quintals From Different Areas. From The Survey, The  Losses In Transportation Of Mandarins From Field To Krishi  Bazar Was Observed To Be Around 25% From All Areas And  From Krishi Bazar To Consuming Markets/ Terminal  Markets Was Negligible (About 1%). The Main Nature Of  Transportation Losses Were Reported To Be Damage,  Bursting, Peeling, Shrinkage, Etc.",25.0
"Disease, Poor Harvesting",25.0
"The Vast Majority Of Mango Farmers Interviewed (98%) Sold All Their Produce To  Middlemen/Brokers At The Farm-Gate With Only 2 Percent Selling Some Of The Produce To Markets  Outside Embu District. Usually, No Collective Bargaining Takes Place On The Price Because Each  Farmer Interacts Individually With Traders (Brokers) And As A Result, Traders Take Advantage Of  Farmers By Colluding To Buy Mangoes At Prices Lower Than The Prevailing Market Prices. This  Exploitative Tendency By Buyers Who Offer Very Low Prices Was Mentioned By 94 Percent Of Farmers  As The Major Marketing Challenge Followed By Delayed Purchase After Harvest (64%). This Occurs  When Brokers Instruct Farmers To Harvest The Mangoes Promising To Pick Them Up The Next Day But   41  Then Intentionally Delay To Do So. They Then Persuade Farmers To Sell Their Produce At Lower Prices  To Avoid Additional Spoilage And Loss Given That Mangoes Are Highly Perishable. On-Farm Sorting,  Grading And Bulking Of Mango Fruit Is A Common Practice And Is Usually Done By Traders (Brokers)  Before Buying Them. They Bring Their Own Workers To The Farm To Harvest The Fruit Or By Giving A  Purchasing Future Date Thus Advising Farmers On When To Harvest. In Both Cases, The Buyer Meets The  Labour Costs Involved. After Sorting, Damaged Mangoes Are Rejected By Buyers And Farmers Usually  Have To Find Alternative Use Or Ways To Dispose The Fruits. Those Rejected Because Of Fruit Fly  Infestation Are Buried In A Deep Hole.  The Lack Of Good Storage Facilities At The Farm Level Was Also A Major Challenge That Compelled  54 Percent Of Farmers To Sell Their Mangoes On The Day Of Harvesting. Others (46%) Kept Them Under A  Makeshift Shed To Minimize Sunburn, Loss Of Moisture And Accumulation Of Dust For A Few Days As  They Waited To Sell. In Addition, Most Access Roads To Farms Are Passable Only During The Dry Seasons  Of The Year But If There Are Heavy Rains During The Harvesting Period, Accessibility Is Impeded Thus  Contributing To Post-Harvest Losses And A Deterioration Of Quality Leading To Low Selling Prices. When  Farmers Were Asked To Rank The Attributes That Buyers Considered As The Most Important When  Selecting Mangoes For Purchase, 96 Percent Ranked Fruit Size First, Followed Closely By Quality (92%),  Colour As A Maturity Indicator (80%) And Mango Variety (42%). These Results Reveal The Importance  Of Quality As A Key Attribute Of Marketable Fruit. It Is A Compound Attribute That Refers To The Lack Of  External Or Internal Damage Or Injury Caused By Insect Pests, Diseases, Birds Or Mechanical Damage.",25.0
"Quality Issues, Pests, Plant Diseases, Harvesting Methods.Plant Diseases, Mould, Germinated, Injured 2 0 1 18%  Pests (Insects, Birds, Etc.) 2 3 1 35%  Weather Conditions 1 1 1 24%  Cultivation Method And Crop Protection 1 0 1 12%  Harvest Method 2 2 1 29%  Processing Processes 1 0 0 6%  Wrong Size/Carrot Shape 6 1 1 47%  Appearance (Small Spots, Etc.) 2 3 1 35%  Other Quality Errors 1 0 1 12%  Surplus Production 0 0 2 12%  Human Error 1 0 0 6%  No Buyers 1 0 0 6%  Not Economically Profitable 0 0 1 6%  Other Reasons 0 0 0 0%",25.0
Quality At Supermarket,25.0
Gari,25.0
"95% Of The Apples Produced In Jumla Are Stored In Underground Pits, While 5% Are Retained The Cellar Stores At Jumla",22.5
"Poor Cultural Practices, Not Processed Into Flour, Raw Commodity Left To Rot; Traditional Storage",22.5
"Poor Cultural Practices, Not Processed Into Flour, Raw Commodity Left To Rot",22.333333333333332
"Poor Post Harvest Management, Marketing",21.51
"Average/ Frequency Of Producers/Frequency Of Producers Who Answered “Don’T Know”   Disease In Field 29% 59% 12%  Damage From Pest Insects Or Animals In Field 17% 18% 6%  Weather Conditions (Frost, Drought, Etc.) 28% 35% 6%  During Temporary Storage Before Drying 0% 0% 6%  Technical Problems Related To Cultivation Method (Spray  Damage, Poor Drainage, Etc.)  10% 6% 6%  Damage During Harvest And Handling 10% 41% 12%  Undesirable Size 9% 29% 12%  Undesirable Shape Or Appearance (Rot, Lumpy, Etc.) 28% 47% 12%  Leftovers From Processing 0% 0% 12%  Reclaimed 0% 0% 6%  No Sale 9% 12% 6%",21.0
"Pest/Disease Damage, Poor Postharvest Handling And Poor Infrastructure",20.75
"Levels Of Postharvest Losses In Fruits Owing To Improper Harvesting, Handling, Grading, Packing, Transportation And Storage",20.689999999999998
"Maturity, Ripeness (Within Two Days Of Ripening), Size (Large Are Preferred As They Have More Pulp), Bruising, And Spots Or Pest/Insect Damage",20.5
Hot Weather During Harvest And Post Packaging,20.375
Storage Of Untreated Grain,20.3
". Quantitative Post-Harvest Losses Of Economic Importance Occur  In The Field (15%); During Processing (13E20%), And During Storage (15E25%). The Main Storage Pests  Responsible For The Losses Are Larger Grain Borers (Prostephanus Truncatus), Grain Weevils (Sitophilus  Granarius) And, The Lesser Grain Borer (Rhyzopertha Dominica). Most Of The Farmers Considered Changes In  Weather (40%), Field Damage (33%), And Storage Pests (16%) As The Three Most Important Factors Causing  Poor Crop Yields And Aggravating Food Losses. However, Survey Results Suggest That The Farmers’ Poor  Knowledge And Skills On Post-Harvest Management Are Largely Responsible For The Food Losses. 77% Of The  Surveyed Farmers Reported Inadequate Household Foods And 41% Received Food Aid During The Previous  Year. Increasing Farmers’ Technical Know-How On Adaptation Of The Farming Systems To Climate Variability,  And Training On Post-Harvest Management Could Reduce Food Losses, And Improve Poverty And Household  Food Security",20.0
General Poor Handling Lack Of Training Only Large Growers Have Access To Export Markets,20.0
Parboiling,20.0
"Physical Losses, Pests And Disease",20.0
Major Losses At The Small-Scale Level Farm Due To A Lack Of Adequate Technology,20.0
Ripening At Too High Temperature And Oxygen Level.,20.0
Mechanical Damage,19.92162162162162
Open-Access Harvesting And The Slapping Paddy Threshing System,18.6
Surface Infections From Mold And Fungus,18.6
Rotting,18.4
"Damage During  Harvest And Handling,  No  Sale/Overproduction,  Weather Conditions,  Other Quality  Parameters And  Damage From  Animals Are The Main  Reasons Given.",18.0
Crib-Drying,18.0
Shelling,18.0
"Damage During  Harvesting Or  Handling;  Unacceptable  Size, Shape And  Appearance;  Diseases In The  Fields Are The  Main Reasons.    Ason, The Reason That Gave The Highest Value Was Damage At  Harvest Or Handling, On Average 22% (Range 0–100%) (Figure 62). Disease Occurring In  The Field, Unacceptable Size Or Unacceptable Shape/Appearance Were Also Major Reasons  For Discarding Products, And All Gave Values Around 17% (Range 0–60%; 0–80%; 0–97%  Respectively). Damage From Insects Or Animals In The Field As Well As Weather Conditions  Were Considered On Average To Be Minor Reasons, And Contributed 7% (Range 0–100%)  And 5% (Range 0–100%) Respectively. The Other Reasons Contributed On Average Less  Than 5%.",18.0
Diseases And  Weather Conditions.,17.65
"Rough Handling, The Effects Of High Ambient Temperatures And Poor Quality  Package",17.5
"Major Reasons Are  Low Protein Content  And Damage Due To  Animal Wildlife.  Other Reasons Are  Harvest, Weather,  And Low Falling  Number.  A Main Part Of The  Respondents Said That  Low Quality Was Weather  Related But There Could  Be Improvements In How  Fertilizers And Pesticides  Are Being Used. Better  Technique’S For  Handling/Sorting The  Different Qualities Were  Also Mentioned.",16.75
At Wholesale,16.666666666666668
"Poor Post Harvest Management    . Quantitative Post-Harvest Losses Of Economic Importance Occur  In The Field (15%); During Processing (13E20%), And During Storage (15E25%). The Main Storage Pests  Responsible For The Losses Are Larger Grain Borers (Prostephanus Truncatus), Grain Weevils (Sitophilus  Granarius) And, The Lesser Grain Borer (Rhyzopertha Dominica). Most Of The Farmers Considered Changes In  Weather (40%), Field Damage (33%), And Storage Pests (16%) As The Three Most Important Factors Causing  Poor Crop Yields And Aggravating Food Losses. However, Survey Results Suggest That The Farmers’ Poor  Knowledge And Skills On Post-Harvest Management Are Largely Responsible For The Food Losses. 77% Of The  Surveyed Farmers Reported Inadequate Household Foods And 41% Received Food Aid During The Previous  Year. Increasing Farmers’ Technical Know-How On Adaptation Of The Farming Systems To Climate Variability,  And Training On Post-Harvest Management Could Reduce Food Losses, And Improve Poverty And Household  Food Security",16.5
"Main Harvest Side Flow Reasons: Unacceptable Size And Shape, Damage During Harvest And Handling, Insect Or Animal Damage. Main Post-Harvest Side Flow Reasons: Unacceptable Size And Shape, Unacceptable Appearance, Damage During Handling    Of The Total Carrot Production, And Including The Companies That Did Not Discard Carrots In The Specific Practice In Question (The Zero Values), The Highest Share Was Sorted Out At Washing, Trimming Or Sorting (23%; Range 0–67%), At Storage After Packaging (9%; Range 0–24%), Or At Processing (8%; Range 0–33%) (Figure 18). 5% (Range 0–50%) Of The Carrot Production Was Not Harvested, 6% (Range 0–40%) Of The Production Was Estimated To Be Lost At Harvesting, And 4% (Range 0–35%) Was Discarded At Packaging.  At Sales Or Reclamation, Only 0.2% Was Discarded.",16.44
Insects And Rodents,16.25
"Over-Ripening, Poor Handling, Poor Storage",16.125
Rodents And Insects,16.1
Milling,16.0
"Rodents, Insects, Moulds",15.966666666666667
Different Techniques Of Preparation,15.87
"The Physical Loss Was Measured By Percentage Of Product Sorted And Not Sold. Economic Losses Due To Poor Quality (A Function Of The % Cumulative Rate Of Defects, Decay And Damage That Occurred During Handling) Could Not Be Determined Because Price Data Reported For Crops In Ghana Were Unreliable; The Air Temperatures During The Handling At The Farm, Wholesale And Retail Markets Were 29-31C, And 76 % Rh At The Farm And Wholesale Markets, And 72% Rh At The Retail Market.",15.783333333333333
Shipping Line,15.7
Full Sunlight,15.1
Table 4  Percentage Losses During Manual Processing Practices.,15.030000000000001
"Added To Problems Related To Climate Is The Poor Quality Of Existing Storage Infrastructure, Which Does Little To Prevent Contact With Pests That Damage Stored Crops.",15.0
10% Loss From Farm-Gate To Local Market. An Additional 20% Loss Occurs When Produce Travels From Regional/Local Market To National Market,15.0
Harvesting And Moving Of Bananas Is Done By Hand,15.0
"Most Important: After Harvest: Quality (Appearance, Size), Plant Diseases And Damage. During Harvest: Weather Conditions, Plant Diseases And Harvesting Procedures.",15.0
Insect Damage - Maize Weevil ( Sitophilus Zeamis ),15.0
"Weather, Field Damage    D. Quantitative Post-Harvest Losses Of Economic Importance Occur  In The Field (15%); During Processing (13E20%), And During Storage (15E25%). The Main Storage Pests  Responsible For The Losses Are Larger Grain Borers (Prostephanus Truncatus), Grain Weevils (Sitophilus  Granarius) And, The Lesser Grain Borer (Rhyzopertha Dominica). Most Of The Farmers Considered Changes In  Weather (40%), Field Damage (33%), And Storage Pests (16%) As The Three Most Important Factors Causing  Poor Crop Yields And Aggravating Food Losses. However, Survey Results Suggest That The Farmers’ Poor  Knowledge And Skills On Post-Harvest Management Are Largely Responsible For The Food Losses. 77% Of The  Surveyed Farmers Reported Inadequate Household Foods And 41% Received Food Aid During The Previous  Year. Increasing Farmers’ Technical Know-How On Adaptation Of The Farming Systems To Climate Variability,  And Training On Post-Harvest Management Could Reduce Food Losses, And Improve Poverty And Household  Food Security",15.0
"Poor Storage Structures, Storage Of Untreated Grain",15.0
Machine Damagesmall Scale,15.0
"Rough Handling, Inability To Finish And Market In Shorter Times, Inefficient Protection From Sun",14.9
At Retail Sold At Discounted Price,14.4
Insects; Maize Stem Borer,14.25
Lack Of Pre-Sorting To Remove Decayed Produce Before Packing Promoted Spread Of Fungal And Bacterial Diseases And Insect Pests During Handling,14.133333333333333
Beating Of Cobs In A Polypropylene Bag,14.0
"Mould Development, Insect Pests, Rodents, Wild Animals And Domestic Animals",14.0
Transport,13.866666666666667
Processing,13.666666666666666
Use Of Underage Children,13.5
Drying In Threshing Center,13.0
Private Vehicle (Truck),13.0
Use Of Underage Labour,13.0
"Dropped, Tossed, And Trodden On On Top Of Loads), The Crop Is Relatively Resistant To Mechanical Damage. Most Losses Occur During Transportation, Storage Over Winter, And At The Wholesale And Retail Markets",12.9375
"Rodents, Insects And Moulds",12.88888888888889
Mechanical Threshing Of Millet Caused Higher Losses (19.3% Losses) Than Manual (6.3%),12.8
Mirasi Et Al. (2013) Measured Grain Losses Of Different Wheat Varieties With Different  Models Of Combine During Harvest Stage. They Observed That Average Pre Harvest Losses In All Fields Of  Study Were 31.4 Kg Ha-1  Accounting For 12.71 Percent Of Total Losses.,12.71
"Major Reasons Are  Harvesting And  Handling And Did Not  Have Enough Time To  Harvest All.  Other Reasons  Include Weather  Conditions, Wrong  Size And Appearance,  Agricultural  Problems",12.7
Spoilage,12.533333333333333
"Triming Of Leaves, Sold Fresh",12.5
Immaturity Insect Damage Rotting/Decay,12.5
"Rodents, Insects And Dampness At Storage Places",12.020000000000001
"Harvest Land Preparation And Soil Management Are Poorly Conducted, And Pests And Diseases Are Ineffectively Controlled, Leading To Low Yields. Inappropriate Harvesting Tools And An Insufficiently Trained Workforce. All Produce Earmarked For The Fresh Food Market Is Packed In So-Called Extended Bags, Which Farmers And Brokers Fill With Unselected Harvested Potatoes - I.E. They Include Green, Cut, Bruised Or Rotten Produce. Of The Potatoes Placed On The Market, Nearly A Quarter Are Damaged Or Green. Almost All Of These Potatoes Are Eventually Sold, But The Quality Issues Mean Prices Must Sometimes Be Lowered.",12.0
Poor Packaging And Transportation Methods,12.0
Physical Losses,11.832962962962963
Weevil And Large Grain Borer,11.83
Sickle Harvesting,11.8
Pest/ Disease,11.75
Storage,11.3125
Critical Loss Points  • Following Review Of Literature And Through Key Informant Interview  • Harvesting  • Storage And Associated Grain Processing Stages  • Milling Identified As Critical Loss Points    1. Harvesting Causes  -Carelessness And Insufficient  Supervision  Thus Spillage  -Lack Of Proper Harvesting Tools For  Both Maize And Sunflower  2. Storage Causes  -Grain Contamination - Ground  Drying  -Improper Threshing - Damage  -Poor Storage Facilities - Rodent  Attack And Leakage Thus Grain  Spoilage  -Storage Pest Damage - Loss In  Quality And Rushed Sales     Causes Of Milling Losses Include  -Spillage  -Poor Pre-Treatments Resulting In Grain  Contamination At This Stage  -Lack Of Proper Maintenance,11.216666666666667
"Diseases And  Damage, Quality,  Appearance.",11.0
Average /Frequency Of Producers/Frequency Of Producers Who Answered “Don’T Know”   In Field 14% 47% 36%  During Harvesting 5% 44% 27%  During Cleaning 2% 9% 30%  During Husking 5% 5% 27%  During Blanching And Freezing 0% 3% 28%  During Colour Sorting 8% 5% 27%  During Sale And Reclaim 17% 5% 30%  Other* 14% 14% 22%,11.0
Type Of Shelling Machine,11.0
"Long Transport, Packaging, Handling And Storage At Wholesaler",10.8
Field Stacking,10.0
"According To A Most Conservative Estimate, About 10% Of The  Cereals Harvested In Developing Countries Are Lost Annually (Chaudhry, 1982). Most Of The Pakistani  Scientists Strongly Believe That 10% Post-Harvest Losses Of Wheat Are Not At All Uncommon In Our  Country (Ahmad Et Al., 1992).",10.0
Varieties/Sorting,10.0
Farmgate To Market,10.0
Left In Field,10.0
Lack Of Biological Agents (Natural Predators) In The Field,10.0
Poor Machine Set Up,10.0
"Poor Transportation And Handling -Improper Handling By Loading And Off-Loading, Over-Loading And Insufficient Protection In The Truck.",10.0
Field Mycotoxin Contamination,9.99
Disease Loss,9.975
"Average /Frequency Of Producers/Frequency Of Producers Who Answered “Don’T Know”   In Field 14% 47% 36%  During Harvesting 5% 44% 27%  During Cleaning 2% 9% 30%  During Husking 5% 5% 27%  During Blanching And Freezing 0% 3% 28%  During Colour Sorting 8% 5% 27%  During Sale And Reclaim 17% 5% 30%  Other* 14% 14% 22%    Disease In Field 5% 22% 23%  Damage From Animals 20% 34% 19%  Weather Conditions (Rain, Flooding, Etc.) 38% 30% 19%  Technical Problems Related To Cultivation Method  (Spray Damage Or Similar)  5% 16% 22%  Damage During Harvest And Handling 51% 27% 25%  Other Quality Parameters 23% 8% 23%  Reclaims 0% 6% 22%  No Sale Or Overproduction 35% 19% 23%  Other* 13% 11% 20%",9.5
Drying Before Storage,9.5
"Improper Harvesting And Transportation Methods, Unsuitable Storage Of Products After Harvest, Poor Sorting, Improper Packaging And Distribution. Losses Also Occur During Retail Sale, Consumption And Processing",9.260416666666666
Threshing,9.25
Sorting,9.15
Cut Potatoes,9.05
During Delivery To Food Shops Or Similar,9.0
Traditional Storage,9.0
Public Utility Vehicle/Motorcycleb,8.9
Decay,8.800333333333333
Sukhbiret Al. (2007) Compared The Performance Of Reaper With  Conventional Method Of Manual Harvesting Of Wheat Crop With Sickle To See The Feasibility. They  Recorded 5.8% To 11.8% Harvesting Losses With Reaper.,8.8
Handling/Transport,8.8
Loading/Unloading,8.75
"Rough Handling, The Effects Of High Ambient Temperatures And Poor Quality Package",8.700000000000001
"Pests, Plant Diseases And Quality Issues Are The Main Reasons.",8.700000000000001
"Decay, Mechanic Damage, Sorting",8.68888888888889
Rejects Of Export Quantities,8.633333333333333
"Lower In The Surveyed Markets Of Chapai Nowabgonj, The Leading Mango Growing District Of Bangladesh (Table 12.2). This Result Would Be Attributed To The Use Of Recently Introduced Plastic Crates For Long Distance Transport Instead Of The Age-Old Conventional Method Of Mango Packaging With Bamboo Baskets And Gunny Bags",8.625
Market Storage Weevils,8.5
During Packing And Storage Of Spring Onions  During Packing And Storage Of Regular Onions,8.5
Insect Damage - Grain Weevil,8.5
Mechanical And Disease Damage Loss (Peeled Off),8.411111111111111
"Higher Postharvest Losses Of Tomato In The Conventional Production System May Be Attributed To The Lower Price Due To Higher Supply, Which Restrains The Growers And Other Intermediaries To Adopt Improved Practices",8.225
Drying Before Threshing,8.0
"Over-Ripening, Poor Handling",8.0
Insect Damage,7.865882352941177
Nan  Table 4  Percentage Losses During Manual Processing Practices.,7.789999999999999
There Were Weight Losses In Both Varieties (Nerica 1 And  Nerica 2) Ranging Between 6.19 And 9.35% (Table 4).  The Reduction In The Weight Could Also Be Due To Moisture  Losses From The Grains During Storage As Well As Pest And  Insect Infestations.,7.615
Carotenoid Loss During Drying,7.5
Insects,7.3100000000000005
"Insects, Rodents",7.3
"Pest Damage, Mould, Breakage, Rodents",7.2
"Distance Transported, Poor Packaging, Uncontrolled Ripening",7.1
Insects; Large Grain Borer,7.0249999999999995
"1 Khoku Bruises, Injuries, Rottening Improper Handling, Falling Of Fruits, Fungal Attack 2.5  2 Chhintang Scratches, Puncture Of Fruits, Insect Infestation Improper Harvesting, Infestation 2-3  3 Dhankuta Physical Damage, Bruises, Cuts, Over Ripen,  Immature  Improper Harvesting, Falling Of Fruits, Improper  Handling, Monkey Attack  4-5  4 Budhimorang And Khuaphok Bruises, Scratches Improper Handling 1-2  5 Bhirgaon Damaged, Insect Infestation, Bruises Due To Fall Of Fruits, Cracked And Spoiled Fruits 4-7  6 Maunabudhuk Bruises, Softness, Puncturing Of Fruits Falling From Height, Open Stacking, Improper Plucking 5.5",7.0
"Small-Scale Corn And Bean Farmers Account For Most Of The Domestic Production. They Continue To Apply Certain Post-Harvest Practices Which, In Most Cases, Tend To Increase Post-Harvest Losses. These Include Spreading Grain On The Ground, Plastic Or Pavement To Dry By Exposure To Direct Sunlight, Which Adds To Contamination And Holds In Moisture, And Storing Grain In Places Where Humidity, Insects And Fungi Cannot Be Controlled.",7.0
Insect Pest,6.9
"Shamabadi  (2012) While Evaluating The Performance Of Eight Combines Observed That Time Of Harvesting, Seed  Moisture Content, Relative Humidity, Field Topography And Varietal Characteristics Are The Major Factors  Affecting Harvest Losses. He Concluded That Mean Total Loss By Different Combines Was 6.88% At Wheat  Harvesting Stage.",6.88
Sourced From Jha Et  Al. (2015,6.765909090909091
"Weather Conditions,  Quality Issues And  Pests/Animal  Damage Are The  Major Reasons",6.6
Marketing And Distribution,6.5
Due To Delays In Processing And Account For 80% Of All Physical Losses In The Value Chain,6.5
Pest Damage,6.466666666666666
Off-Season Losses,6.4
Quality Losses Due Damage And Decay,6.3999999999999995
Storage Starch,6.3
The Reduction In The Weight Could Also Be Due To Moisture  Losses From The Grains During Storage As Well As Pest And  Insect Infestations.,6.275
"Plant Diseases And Moulds During Storage Because Of Weather, Crop Rotation, Storage Conditions And Cultivar. Minor Quality Deficiencies Were Also Mentioned As Major Reasons For Post-Harvest Losses.",6.2
Insects And Moisture,6.2
Handling,6.0625
Market Storage Rodents,6.0
Mainly Spoilage Of Evening Milk,6.0
"In-Field Losses Also Occur. The Most Common Reasons For Losses, 38% (6 Farmers), Were  Crop Damage During Harvesting Or Handling And In-Field Damage From Insects Or Other  Wildlife (Figure 97). There Were Also Losses Due To Weather Conditions And Undesired Size  And Appearance Of The Crop. Two Farmers Ticked The Alternative “Other” And Specified  The Reason To Be “Normal Losses At Threshing”",6.0
Method Of Lifting,6.0
Pancle/ Sickle Harvesting Two Varieties Of Rice    In The ‘Bambam’ In The Bag Beating Method (2.45%).  Harvesting Losses Ranged Between 4.07 And 12.05% At Farmer’S Fields,5.9175
Live Weight Loss,5.9
Labour-Group (Or Trader-Harvester) Harvesting And Mechanical Threshing,5.9
Processing Into Starch,5.9
Tuber Too Small,5.8
"Insect Damage, Rotten Loss, Remain In The Soil, Cutting Loss",5.651666666666667
"Pests, Plant  Diseases And  Quality Reasons  Are The Main  Reasons.",5.596666666666667
"Insects, Moulds, Rodents",5.583333333333333
"(Md=4.7%, W=0.8%)",5.515000000000001
During Harvesting Of Spring Onions  During Field Drying And Harvesting Of Regular Onions,5.5
"Bruises, Softness, Puncturing Of Fruits Falling From Height, Open Stacking, Improper Plucking",5.5
"Lack Of Labour, Lack Of Equipments, Rain During Harvest, Harvest Wet Grain",5.5
"Damaged, Insect Infestation, Bruises Due To Fall Of Fruits, Cracked And Spoiled Fruits",5.5
Processing Starch,5.5
Poor Display And Storage Facilities -,5.4
On-Farm Storage,5.333333333333333
Overripe,5.33
Mechanical Damage.Leaf Yellowing. Sound Leaves Trimmed By Accident. Pest Damage,5.183333333333334
Heat,5.125
Main Causes Of This Were A Mismatch In Supply And Demand Or Cosmetic And Quality Related,5.037804878048781
"Poor Machine Set Up, Paddy Is Too Dry, Mix Paddy, Poor Machine Set Up, Variety",5.0
Rain Pre-Harvest Causing Germination On The Stalk,5.0
Lack Of Storage Facilities And Lack Of Packing,5.0
"Krishi Bazar Store Oranges In Cemented Floor On Plastics, Straw Bed, Doko, Crates, And Sacks And On Plant Leaves Bed",5.0
Poor Status Of Machines,5.0
"This Loss Was Due To Evaporation Loss, Rottening, Breakage",5.0
Market Storage Spillage,5.0
Sorting By Brokers,5.0
Weed,5.0
Defects/Impurities Small Scale,5.0
During Sale Or Advertisement,5.0
Leakage From Machinery,5.0
"In The Field 1.7 59% 33%  During Threshing 1.0 64% 26%  During Transport 0.2 60% 26%  At Germination 0.2 61% 22%  During Temporary Storage Before  Drying  0.1 58% 23%  During Drying 0.9 60% 26%  During Loading 0.1 57% 25%  During Storage After Drying 0.3 53% 29%  Other 7.2 22% 30%     Quality Deficiencies  (E.G. Protein And  Starch Quality) Was  The Main Cause,  Followed By Plant  Diseases, Threshing  And Weather  Conditions.   Increased Nitrogen  Fertilisation, More  Pesticide Use, Improved  Storage, Better Cultivars  And Reduction In  Competitive  Disadvantage.    Average (%)/ Frequency Of Producers/Frequency Of Producers Who Answered “Don’T Know”   Disease In The Field 6.3 38% 34%  Lodging (E.G. Caused By Heavy Rain) 2.4 43% 28%  Pest Damage 2.8 40% 29%  Weather Conditions (Rain, Floods, Etc.) 3.7 40% 30%  During Temporary Storage Before Drying 0.6 35% 29%  Technical Problems Related To Cultivation  Practices (Damage Caused By Spraying, Etc.)  0.3 33% 32%  Threshing 3.8 38% 30%  Pest Damage During Storage 0.2 35% 31%  Other Quality Parameters (Foreign Seeds,  Damaged Seeds, Etc.)  0.6 37% 29%  Falling Number 1.3 33% 30%  Protein Content 8.9 38% 29%  Test Weight 4.7 36% 28%  Other 13.1 17% 28%",5.0
Lack Of Proper Drying Facilities,5.0
Paddy Rice Threshing And Winnowing,4.97
Birds And Insects Attack,4.95
Grading Into Fufu,4.95
Inappropriate Harvesting Technologies (Machetes) And Poor Soil Conditions (Dry And Stony).,4.95
"Diseases And  Weather Conditions.    Weather Conditions.   Field Etc. Conditions.   Harvest Losses.   Machine Loss/The Work, Which Was During The Growing Season.   Other",4.85
"Insects, Mold And Moisture",4.800000000000001
Rodents,4.793076923076923
"Produce For Domestic Market, On The Other Hand, Was Subject To Large Losses Because Of Bad Treatment And Handling",4.625
"Harvester Adjustment And Manoeuvring, Cultivar Choice, Size Of Field, Size Of Headland.",4.6
"Physical Damage, Bruises, Cuts, Over Ripen, Immature Improper Harvesting, Falling Of Fruits, Improper Handling, Monkey Attack",4.5
Predators; Respiratory Problems; Digestive Problems,4.5
Garistorage (Moisture),4.5
"Decentralized Agricultural System In China  Cereal Storage Losses Resulting From Insect Infestations , Mold Damage , Rat Infestations , Respectivel",4.45
Paddy Rice Harvesting,4.43
Central Storage,4.25
"Harvesting  Technique, Weather  Conditions And  Quality Problems.     Improved Agronomical  Techniques, Preventing  The Yield From Ergot (Sac  Fungi), Finding New Uses  For The Side Flow, Finding  Ways To Overcome Small  Scale Problem, Feeding  Side Flow To Animals (No  Impact On Side Flow  Amount).",4.2
"Insects, Mold",4.175000000000001
"On Average, Of The Two Companies’ Total Production, 3.3% Was Not Harvested, 1% Was Lost  During Harvesting, 7.8% Was Lost During Cleaning And Washing, 8.6% Was Lost During  Blanching And Freezing, 0.7% Was Lost During Colour Sorting And 0% Was Lost During Sales  And Reclamation. No Company Responded That There Were Losses At Any Other Step.",4.166666666666667
"The Survey Finding Further Showed That Most Farmers Used Old Technologies For Drying Cassava Chips, Including Drying On A Mat And By The Roadside Or On Wooden Platform Built Over Fireplace In The Traditional Kitchen. Infection By Moulds Was A Major Contributor Of Drying Loss. This Factor Was Reported By 68 % Of Farmers Interviewed. The Unhygienic Conditions Created By Local Drying Methods Attract Pest Infestation. The Causes Of Processing Loss Include Cutting Deep Into The Flesh Of The Tubers During Peeling. The Major Losses During Storage Of Cassava Chips Include Insect Infestation, Rodent Attack And Contamination With Pest Droppings",4.125
Spillage,4.108333333333333
Fresh Tuber Too Woody,4.1
"Resistance Status Of Some Maize Lines And Varieties To The Maize Weevil, Sitophilus Zeamais (Motschulsky) (Coleoptera: Curculionidae).",4.0
Poor Harvesting Tool,4.0
Rejected Potatoes,4.0
"Insects, Rodents, Mold And Moisture",4.0
Over Ripening,4.0
Long Duration In The Field,3.94
Bag Beating/Bambam,3.94
"This Loss Comprised The Weight Loss (57%), Spoilage Loss (34%) And Other Loss (9%) Caused Due To Sprouting, Shrinkage, Cold Injury Etc",3.8166666666666664
Quality Deviations,3.6
Parboiled Ricedrying,3.6
Climatic Conditions,3.52
Moisture And Rodents,3.5
Physical Damage Rotting/Decay,3.5
Broccoli For Export Was Handled With Care So The Water Loss And Mechanical Damage Were Very Low,3.5
Rotting/Decay Over-Ripening,3.5
"Lack Of Labour, Lack Of Equipment, Water Logged, Rain During Harvesting, Manual Method Of Harvesting",3.5
Use Of Casual Labour,3.4
Drying,3.3333333333333335
"The Main Causes Of Storage Loss In Order Of Importance Are Moisture , Rodents And Spillage ( Dessalegn Et A ! 1998 ) . The Loss Due To Moisture', ""In Bulk .    Early Onset Of Mould Damage May Be Unusual , In View Of The Rain At Harvest And The Subsequent Difficulties That Many Farmers Faced In Drying Their Grain This Season . Mould Damage Is Regarded By Local Farmers As More Of An Inconvenience Than', 'Grain This Season . Mould Damage Is Regarded By Local Farmers As More Of An Inconvenience Than A Loss , Since All The Grain Will Be Used For Food Or For Brewing After Washing To Remove Visible',",3.3
"Major Reason Was  Weather. Colour Or  Appearance Also  Important. Other  Reasons:  Insect/Animal,  Damage And  Agronomical Issues.    Damage From Insects And Animals In The Field 10%  Weather Conditions 60%  Agronomical Problems 10%  Unwanted Colour Or Appearance 20%",3.25
Conditioning,3.1
Transport Of Feed,3.0
"The Causes Of Quantitative Losses Are Similar To Those For Qualitative Losses Only That The Extent Of The Damage Makes The Fruit Unmarketable. The Placement Of Wrapped Bananas On Motorbikes And Trucks Caused Physical Injuries Which Affected The Fingers On The Outer Row Of The Hands. After Ripening The Bruised Area Becomes Hardened And Creates Avenues For Entry Of Pathogens. Since Bananas Are Climacteric, Injury To The Fruit Causes Ethylene Production, Increases Respiration And Water Loss Thereby Shortening Postharvest Life. Additionally, Decay Caused By Pathogenic Agents' Sets In At The Point Of Injury",3.0
Milled Rice; Storage In Store,2.98
Combine,2.92
Manual Plus Threser,2.8533333333333335
Feed Miller Rodents,2.8
Harvesting In The Rain,2.8
Wilting,2.6
Tomatoes Unmarketable After 5 Days (Brought From Bogra To Gazipur Wholesale Market),2.6
Reaper Plus Thresher,2.563333333333333
Green Potatoes,2.55
"The Lack Of Drying Facilities In Most Maize Growing Areas Of The Country, Has Led To Significant Losses",2.54
Lack Of Drying Equipment And All Raining At Drying Process.,2.5
Pre-Cooling And Packaging,2.5
Spreading Out In Sunlight,2.5
"Lack Of Storage Facilities, Use Traditional Methods, And Lack Of Labour",2.5
Garistorage (Rodents),2.5
Market,2.5
Market Storage Moisture,2.5
Garitransport,2.5
Pre-Cooling And  Packaging,2.5
Freight Handler,2.5
"Scratches, Puncture Of Fruits, Insect Infestation Improper Harvesting, Infestation",2.5
"Bruises, Injuries, Rottening Improper Handling, Falling Of Fruits, Fungal Attack",2.5
"Transportation Of The Crops By Head-Loads, On Bicycles And Other Means",2.5
Small Onions Left In Field Due To How The Harvester  Was Adjusted.  Onion Piles Found In Field Caused By The Gap  Between Two Wagons Behind The Tractor.  Parts Of The Field Not Harvested Because It Was  Waterlogged And Difficult To Harvest.,2.4
Traditional Milling; Transport To Mill,2.37
"Bag Beating/Bambam    The Results Of The Survey Showed That Harvesting Losses  Ranged Between 3.03 And 12.05% While Threshing Losses  Varied From 0.53 To 4.07% (Table 3). Total Losses Due To  Only Harvesting And Threshing Losses At Farmer’S Fields  Ranged Between 5.60 And 16.14%. The Differences In  Postharvest Losses Among The Farmers Were Due To  Different Level Of Skill Of Harvesting And Threshing As Well  As Poor Weed Control. During The Study It Was Observed  That The Farmers’ Fields Were Engulfed In A Lot Of Weeds.  Poor Weed Control Is Known To Interfere With Effectiveness  Of Harvesting (Al-Khatib, 1995).",2.3
Price Discount For Every One Bruchid Hole Per 100 Grains,2.3
"Weather, Animal Damage,  Harvesting Conditions,  Harvester Adjustment,  Driving Speed, Use Of Side  Cutter (Field Pea) And  Reasons Related To Field  Conditions And Cultivation  Methods.   Careful Harvesting, Adjustment Of  Harvester For Every Plot, Straight  Driving Line, Selection Of Field Plot,  Maintain Growing Conditions,  Cultivation Method Factors Like  Crop Rotation, Improved Crop  Protection And Weed Protection,  Work Scheduling",2.25
Fresh Tuber Transport,2.2
Pancle/ Sickle Harvesting Two Varieties Of Rice,2.19
Left In The Field,2.1
Damage By Rats And Domestic Animals,2.1
"The Main Causes Of Storage Loss In Order Of Importance Are Moisture , Rodents And Spillage",2.1
Machinery And Handling Tests,2.0325
Transport To Feed Miller,2.0
Storage Maize Grain,2.0
Burnt/Broken Potatoes,2.0
"An Estimated 1.5% Of The Maize,  Millet, Sorghum And Groundnut Outputs Were Estimated To Be Lost  During Harvesting. Losses During Transportation Of The Crops By  Head-Loads, On Bicycles And Other Means Were 2.5%",2.0
"Not Harvested 1%  Lost During Harvesting 2%  Lost When Separating Peas From Soil And Other Non-Pea Material 5%  Lost During Blanching And Freezing 5%  Lost During Colour Sorting 6%  Lost During Sale To Consumer Or Because Of Complaints 1%    Major Reason Was  Weather. Colour Or  Appearance Also  Important. Other  Reasons:  Insect/Animal,  Damage And  Agronomical Issues.    Damage From Insects And Animals In The Field 10%  Weather Conditions 60%  Agronomical Problems 10%  Unwanted Colour Or Appearance 20%",2.0
Other Causes Such As Rodents And Theft,2.0
Early Maturity,2.0
Feed Miller Spoilage,2.0
Feed Storage Spoilage,2.0
Feed Storage Weevils,2.0
Rural Market,2.0
Moulds,1.9727272727272727
Too Small,1.93
Insect Pest Damage,1.9196296296296296
Insects And Mold,1.9
"Bad Harvesting, Collection And Threshing Techniques",1.8866666666666667
"Grading    Scientific Grading Of Mandarins Is Not Done By Any  Of The Dealers. At The Most, The Fruits Are Sorted  Out According To Size, Shape And Color. There Are  Hardly Any Losses In The Process Of Grading, But  Due To Improper Handling Of The Fruits Or Due To  Over Ripened Fruits, There Are Likely Losses Of The  Fruits At The Time Of Grading. The Percentage Of  Losses May Be 0.5 To 3.",1.75
Gariprocessing,1.6
Paddy Rice -Drying And Storage,1.53
Trimming,1.5
"Bruises, Scratches Improper Handling",1.5
"Poor Packaging, Plant Diseases, Scattered",1.43
Ketchup Production,1.35
Milled Rice; Transport From Mil To Home,1.335
"Insects, Moisture And Mold",1.3
Rotten Potatoes,1.3
"The Study Revealed That 70% Of The Surveyed Farmers Experience  Food Losses During Pre- And Post-Harvest Handling Operations,  Including During Manual Processing That Cause Mechanical  Breakage And Spillage Of The Food, And Irksomeness To The Processor.  Crop Losses Occur During Pre-Harvest Drying On The Field Were  Caused By Wild Animals, Birds And Rodents. In Worst Cases, Up To 32%  Of Maize-On-Cobs Could Be Lost To Birds, Monkeys, Other Rodents  Before Harvest, And Through Qualitative Spoilage By Mould And  Fungi Which Could Be Extensive In Wet Conditions. Similar Qualitative Loss Through Aflatoxin Contamination Of Maize And Cassava In  Tanzania And Congo Had Been Reported (Manjula Et Al., 2009). In  Terms Of Proportion Of Matured Crops, 15% Was Estimated As Preharvest Field Loss For Most Grain And Legume Crops. The Farmers  Expressed Their Inability And Skills To Effectively Prevent Or Control  Field Losses By Pests And Rodents. An Estimated 1.5% Of The Maize,  Millet, Sorghum And Groundnut Outputs Were Estimated To Be Lost  During Harvesting. Losses During Transportation Of The Crops By  Head-Loads, On Bicycles And Other Means Were 2.5%. This Compares  With 2.25% Losses Recorded During Transportation Of Rice From The  Field To The Store And 1% From The Store To The Market For Maize In  Madagascar (Hodges, 2012). An Estimated Loss Of 13.4% For Maize  (P ¼ 0.009), 20% For Millet And Sunflower, 18% For Groundnut, 10% For  Pigeon Pea, 6% For Sorghum And 5% For Sesame Occur When Manual  Methods Of Processing Were Used (Table 4). The Losses Were In Form  Of Mechanical Damage Such As Breakage, Puncture, Compression,  Rupture, Dent Bruises, Or Spillages Of The Crops.",1.28
Improper Packaging,1.21
Temperature,1.17
Traditional Milling; Storage Before Milling,1.16
Milled Rice; Storage After Milling,1.14
Garistorage/Spoilage,1.1
Parboiled Rice Parboiling,1.07
Wholesale To Retail,1.0
Poor Roads And Poor Transport,1.0
Feed Miller Weevils,1.0
Undersized Potatoes,1.0
Village Traders,1.0
Ear Detachment,1.0
Dalayed In Harvesting Due To Fall In Prices Forcing Farmers To Dalay The Harvest,0.98
Traditional Milling,0.87
Milled Rice; Milled Rice From Home To Market,0.75
Poor Threshing Techniques,0.71
In The Urban Market,0.645
No Cooling Facility,0.6
"With Milk Cooling System, But Expensive And Unreliable Power Supply",0.6
"Improper Handling During Packaging    Improper Handling, Overloading And Dropping Of The Fruits  During Weighment Are The Main Factors Of Losses During  Packaging. The Dealers Generally Sell The Produce After  Packing In Polythene Bags In Loose Condition And Overload  The Bags. So Losses Of Upto 0.2 To 1% Occurred.",0.6
Lack Of Cold Storage,0.53
Parboiled Rice Storage,0.52
Physical Losses From Harvest To Sale Including Storage,0.51
Poor Handling And Storage,0.5014285714285714
Lack Of Packing And Manual Method,0.5
Lack Of Drying Facilities And Lack Of Labour,0.5
Spillage Out Of Threshing Floor,0.5
Mortality,0.4
Paddy Ricepaddy From Field To Home,0.34
Residues Of Antibiotics In Milk,0.32
Poor Storage And Cooling Infrastrures,0.23249999999999998
Poor Storage Conditions,0.22428571428571428
Poor Storage Practices,0.20750000000000002
Aluminium Milk Containers And Cooling Facility,0.2
Poor Storage Facilities,0.158
Insects; Bruchids,0.1275
Paddy Ricepaddy From Storage To Market,0.12
Transport 50 - 300 Ltr Of Milk Per Day On Motorbikes,0.1
Milk Rejected By The Processor,0.1
Bad Harvesting Operations,0.0625
Predators; Respiratory Problems; Digestive Problems ; Harsh Winter,0.055476559499999994
"Moisture Loss ,Mechanical Damage , Transportation And Storage -",0.02
Insects Attack,0.02
